SampleID	BarcodeSequence	LinkerPrimerSequence	BarcodePlate	Well	
K16A1	ATCAGGTAAACA	GTGTGYCAGCMGCCGCGGTAA	9	A1	K16A1
K16A3	GGTTCGGTCCAT	GTGTGYCAGCMGCCGCGGTAA	9	A2	K16A3
K37	TCTGCACTGAGC	GTGTGYCAGCMGCCGCGGTAA	9	A3	K37
K46	ACAAATCGTTGG	GTGTGYCAGCMGCCGCGGTAA	9	A4	K46
K47	TCAATCGCTTTC	GTGTGYCAGCMGCCGCGGTAA	9	A5	K47
K55	TACGACTCTGGC	GTGTGYCAGCMGCCGCGGTAA	9	A6	K55
K56A1	CTTGAACCCGAC	GTGTGYCAGCMGCCGCGGTAA	9	A7	K56A1
K56A2	GGCGGGTCTAGA	GTGTGYCAGCMGCCGCGGTAA	9	A8	K56A2
K56A3	GCAGATTTCCAG	GTGTGYCAGCMGCCGCGGTAA	9	A9	K56A3
K57B1	CGACCCATACGT	GTGTGYCAGCMGCCGCGGTAA	9	A10	K57B1
K57B2	GAAAGGTGAGAA	GTGTGYCAGCMGCCGCGGTAA	9	A11	K57B2
K57B3	TGCAGATCCAAC	GTGTGYCAGCMGCCGCGGTAA	9	A12	K57B3
K66	ACCTTGACAAGA	GTGTGYCAGCMGCCGCGGTAA	9	B1	K66
K67	TTCCATCATGTC	GTGTGYCAGCMGCCGCGGTAA	9	B2	K67
K76A1	ACTCCACGCTCG	GTGTGYCAGCMGCCGCGGTAA	9	B3	K76A1
K76A3	GGTTACGGTTAC	GTGTGYCAGCMGCCGCGGTAA	9	B4	K76A3
K76B1	ATTGCGCTACCG	GTGTGYCAGCMGCCGCGGTAA	9	B5	K76B1
K76B2	AGGACCTCGTTC	GTGTGYCAGCMGCCGCGGTAA	9	B6	K76B2
K87B1	CTCGCTAGATAG	GTGTGYCAGCMGCCGCGGTAA	9	B7	K87B1
K87B2	CCGTCGCTCGTA	GTGTGYCAGCMGCCGCGGTAA	9	B8	K87B2
K95A1	GAATCAAATCGA	GTGTGYCAGCMGCCGCGGTAA	9	B9	K95A1
K96	CGTCGTCTAAGA	GTGTGYCAGCMGCCGCGGTAA	9	B10	K96
K97B1	TCGAAACATGCA	GTGTGYCAGCMGCCGCGGTAA	9	B11	K97B1
K97B3	CTGTCAGTGACC	GTGTGYCAGCMGCCGCGGTAA	9	B12	K97B3
K106	GCTACCTTGCGC	GTGTGYCAGCMGCCGCGGTAA	9	C1	K106
K116	TTACAGGAGTAA	GTGTGYCAGCMGCCGCGGTAA	9	C2	K116
L401	AAGGTCAATCGT	GTGTGYCAGCMGCCGCGGTAA	9	C3	L401
L405	ATATGGAAACTG	GTGTGYCAGCMGCCGCGGTAA	9	C4	L405
L412	GATCTGCGATCC	GTGTGYCAGCMGCCGCGGTAA	9	C5	L412
L415	CGGATAACCTCC	GTGTGYCAGCMGCCGCGGTAA	9	C6	L415
L421A	GTATGTTTGTTC	GTGTGYCAGCMGCCGCGGTAA	9	C7	L421A
L421B	TAGAGCTGCCAT	GTGTGYCAGCMGCCGCGGTAA	9	C8	L421B
L423	ATTAAGCCTGGA	GTGTGYCAGCMGCCGCGGTAA	9	C9	L423
L517	CTAATTCTCTGC	GTGTGYCAGCMGCCGCGGTAA	9	C10	L517
L518	CGTGTAGTAGAT	GTGTGYCAGCMGCCGCGGTAA	9	C11	L518
L521	ATGAGGGTCGCG	GTGTGYCAGCMGCCGCGGTAA	9	C12	L521
L522	CCATCTTACCAT	GTGTGYCAGCMGCCGCGGTAA	9	D1	L522
L601	TATTCGTATTCG	GTGTGYCAGCMGCCGCGGTAA	9	D2	L601
G14006	TTAAACCGCGCC	GTGTGYCAGCMGCCGCGGTAA	9	D3	G14006
G14011	CGGCGCATTATA	GTGTGYCAGCMGCCGCGGTAA	9	D4	G14011
G14020	ACCAGCTCAGAT	GTGTGYCAGCMGCCGCGGTAA	9	D5	G14020
G14021	GTTATCGCATGG	GTGTGYCAGCMGCCGCGGTAA	9	D6	G14021
G14024	TCTGAGGTTGCC	GTGTGYCAGCMGCCGCGGTAA	9	D7	G14024
G14030	TCGAAGACGTAT	GTGTGYCAGCMGCCGCGGTAA	9	D8	G14030
G15001	CGATGGCGCGAC	GTGTGYCAGCMGCCGCGGTAA	9	D9	G15001
G15003	GTGCTAATAGGT	GTGTGYCAGCMGCCGCGGTAA	9	D10	G15003
G15009	TTCGAAACTTTC	GTGTGYCAGCMGCCGCGGTAA	9	D12	G15009
G16001	AGGCGGCCCATG	GTGTGYCAGCMGCCGCGGTAA	9	E1	G16001
G16003	CAGTCAGGCCTT	GTGTGYCAGCMGCCGCGGTAA	9	E2	G16003
G16004	GTGCGCCTTCTG	GTGTGYCAGCMGCCGCGGTAA	9	E3	G16004
G16005	CGCTGCTTCGGT	GTGTGYCAGCMGCCGCGGTAA	9	E4	G16005
G16007	CATGCCAACATG	GTGTGYCAGCMGCCGCGGTAA	9	E5	G16007
G16009	AGCGAGAAGTGA	GTGTGYCAGCMGCCGCGGTAA	9	E6	G16009
K16A2	TTAACTGGAAGC	GTGTGYCAGCMGCCGCGGTAA	16	D2	K16A2
K97B2	ACGTTTGTGGCA	GTGTGYCAGCMGCCGCGGTAA	16	D7	K97B2
K36	CCTTGGAATCGC	GTGTGYCAGCMGCCGCGGTAA	16	D12	K36
G16006	GCGTGTAATTAG	GTGTGYCAGCMGCCGCGGTAA	16	E3	G16006
G14026	TCGACGGAGAGA	GTGTGYCAGCMGCCGCGGTAA	16	F1	G14026
K76A2	TCGTGCGTGTTG	GTGTGYCAGCMGCCGCGGTAA	16	G7	K76A2
G14016	CACAAAGCGATT	GTGTGYCAGCMGCCGCGGTAA	16	G8	G14016
G16008	ATAACCATAGGA	GTGTGYCAGCMGCCGCGGTAA	16	H1	G16008
G14032	GGTAGACCGGGT	GTGTGYCAGCMGCCGCGGTAA	16	H4	G14032
K95A2	TAACGAATAGAA	GTGTGYCAGCMGCCGCGGTAA	16	H12	K95A2
K117	AAGTATCCTGCG	GTGTGYCAGCMGCCGCGGTAA	17	A12	K117
G15006	ACGCGTGCCCGG	GTGTGYCAGCMGCCGCGGTAA	12	A2	G15006
K86	ATTACTACACTC	GTGTGYCAGCMGCCGCGGTAA	12	A10	K86